userId,userEmail,firstName,lastName,password,streetName,state,country,postalCode,userType
1000,michael.johnson@gmail.com,Michael,Johnson,0x00B6399C9CA88741BF50B3ECC9B18E950200000019E39F83326ABAC4A7AF8219D6E869640C6A9FC608D0AB8227DC3D5D21A6F6A1E84CA7387B7B2480EEBB310BEB8D1652,Player1 Street,CA,USA,11111,TeamStaff
1001,david.smith@gmail.com,David,Smith,0x00B6399C9CA88741BF50B3ECC9B18E9502000000F4AC4CE92CA7184ACD94B454B44D93C506A74C22637550AD180659364240C3707814B9F9857837CDBAE8D4F40FBEF9AB,Player2 Street,NY,USA,22222,TeamStaff
1002,christopher.williams@gmail.com,Christopher,Williams,0x00B6399C9CA88741BF50B3ECC9B18E950200000038547ECD6DCB4B89FABD0C283F78135C93AFB8D861FEB78BAF622D06CD276ED0FA4E3724D7B0B1C408F7C70DE175C1A5,Player3 Street,TX,USA,33333,TeamStaff
1003,matthew.brown@gmail.com,Matthew,Brown,0x00B6399C9CA88741BF50B3ECC9B18E950200000025F3BC65884ACF5BF4C0A5946A9B16576500816FBCC0B9F8ED320174F25167A46B2750F9810E8820C4F08CAEE74AF968,Player4 Street,FL,USA,44444,TeamStaff
1004,daniel.miller@gmail.com,Daniel,Miller,0x00B6399C9CA88741BF50B3ECC9B18E9502000000233B66D245095A430F1137F8E63B805E994D9AABD301134EB3EEDFCAB447FE1A7D263582EBF5528EE50347677FB9FA70,Player5 Street,AZ,USA,55555,TeamStaff
1005,andrew.davis@gmail.com,Andrew,Davis,0x00B6399C9CA88741BF50B3ECC9B18E9502000000DC555383BAAFD1804C70C28BE4337663E33D4D62B007A2B1387F2302319C15051006070CCA63EEC508D5EAEB7D135E7C,Player6 Street,WA,USA,66666,TeamStaff
1006,joseph.wilson@gmail.com,Joseph,Wilson,0x00B6399C9CA88741BF50B3ECC9B18E9502000000F763AF6D1D0FA49B5FFC37F0A115503FABC657175BF9E0C7DC25FF1563EAF60B692B8BB485E2D05A1BC1F6B111DD2803,Player7 Street,GA,USA,77777,TeamStaff
1007,ryan.moore@gmail.com,Ryan,Moore,0x00B6399C9CA88741BF50B3ECC9B18E9502000000CF79EAC5A2E65AEFB0C75D7A15399B6752364B8755FD56D81695067204A71BF7E87E27495A817F7E627F0CE77E3D060E,12 turnberry,NJ,USA,07726,TeamStaff
1008,nicholas.taylor@gmail.com,Nicholas,Taylor,0x00B6399C9CA88741BF50B3ECC9B18E9502000000994C92558AAFA0E279E055764454C2BB4F9278B82D00B8A93500C6E0FB5620756CFB696865DCD54147A2BCAD33B8FC60,Player9 Street,CO,USA,99999,TeamStaff
1009,brandon.anderson@gmail.com,Brandon,Anderson,0x00B6399C9CA88741BF50B3ECC9B18E9502000000C0873D846A8AF42BB6F323D4330EF030E7F359C04F579DDA7C9E07C236DEE96BDD315F31B072B5337C210541EB03AA8D,Player10 Street,OR,USA,10101,TeamStaff
1010,jennifer.anderson@yahoo.com,Jennifer,Anderson,0x00B6399C9CA88741BF50B3ECC9B18E95020000008D8F331609A0E320620B649AE36E8BFF2271396341A5E0E8813617AB9977E07F5BAFAC647DAEC90E71545C47BD16FBAE,Coach1 Street,MA,USA,12121,Admin
1011,jonathan.harris@yahoo.com,Jonathan,Harris,0x00B6399C9CA88741BF50B3ECC9B18E9502000000B857A29DCB44B52092B61E91D2D176487D97AED1D562DFFAF71BE760B437746D0ECD18D3597223A9B12295A39D848FAF,Coach2 Street,MA,USA,13131,Admin
1012,william.harrison@gmail.com,William,Harrison,0x00B6399C9CA88741BF50B3ECC9B18E9502000000A00C0282761B70A7233B51CE3E5DC0AB5C75B0E570FA18325DF6927FC2364D22216D7A85BC4EA298413E10F990847D20,Coach3 Street,MA,USA,14141,TeamStaff
1013,joseph.mitchell@gmail.com,Joseph,Mitchell,0x00B6399C9CA88741BF50B3ECC9B18E9502000000F19E5A3E164307E830D3374E7810BE787F6960211A9B457204F14FB9340A94B09CF32855A481BB2EF9180FA4A9D3ECE0,Coach4 Street,MA,USA,15151,TeamStaff
1014,frank.henderson@yahoo.com,Frank,Henderson,0x00B6399C9CA88741BF50B3ECC9B18E9502000000D419DF4CDACC0A47068097CBE49FC6F707EB5EF04CC5DE02146636602381CDE8F00019C2004E1B9A82DFE0C82322FBA2,Player27 Street,CA,USA,16161,Viewer
1015,matthew.russell@yahoo.com,Matthew,Russell,0x00B6399C9CA88741BF50B3ECC9B18E95020000005F6886A755CB921609A2DBFEB8BA0CE5354D129F8D08564706B5FBAE8B9FE322A6287B49528E9AB5290DDE0A7BE5519A,Player28 Street,NY,USA,17171,Admin
1016,harry.barnes@gmail.com,Harry,Barnes,0x00B6399C9CA88741BF50B3ECC9B18E9502000000B6AFBD9C325BB3E48FF454C4E8B8BBFE7CB2C86EC5D11CA0F7071AA21B8D997BEEA481F0513C5AC16C4A9064B778842D,Player29 Street,TX,USA,18181,Viewer
1017,eugene.alexander@yahoo.com,Eugene,Alexander,0x00B6399C9CA88741BF50B3ECC9B18E950200000004541C4B53955C5C3196B97F73168CD490F2202D2BA1D32B095182E9D9A3569515A0726194B579F8974463122487FE8F,Player30 Street,FL,USA,19191,Admin
1018,john.anderson@gmail.com,John,Anderson,0x00B6399C9CA88741BF50B3ECC9B18E95020000009079DE0650924027D7F292E75D94D579DBC4EBF20D7DC7C0D67495E77261E4487FECD97D5E86C853DBBE97E233FF302F,Player31 Street,CA,USA,20202,TeamStaff
1019,robert.lee@gmail.com,Robert,Lee,0x00B6399C9CA88741BF50B3ECC9B18E9502000000CF4696C297EFE3361D484BFC4FD0A5A0A6E6CF917676057EFD5DBB0D5C7647C214FDA3E7041BE2DD655C32F375D0D740,Player32 Street,NY,USA,21212,TeamStaff
1020,william.white@gmail.com,William,White,0x00B6399C9CA88741BF50B3ECC9B18E9502000000AC47436633973A169A57CE8C00D81F47A560135D7DBE945277417060E12FCEAC13B3D7329AFCD8F48D75F6EA9CF92A03,Player33 Street,TX,USA,22222,Viewer
1021,brian.johnson@gmail.com,Brian,Johnson,0x00B6399C9CA88741BF50B3ECC9B18E950200000002894B65C7762405C51AAEF5C636A65DD39EEA4DD3B0EDF3E8B11761B08E155406B8567901CF5D7673B4D4E113E4B857,Player34 Street,FL,USA,23232,TeamStaff
1022,eric.anderson@gmail.com,Eric,Anderson,0x00B6399C9CA88741BF50B3ECC9B18E95020000003A9E1E41C6E61130D71A090B190774E318A19E7183ED0625544FFF8B745FEC775A073561FE9F8582A736DE1F58E3C2AD,Player35 Street,AZ,USA,24242,Viewer
1023,steven.clark@gmail.com,Steven,Clark,0x00B6399C9CA88741BF50B3ECC9B18E95020000008FE9CBC39A3916E464757F289B42CB57F546D96AC9B8A66C93BB9A914138C38BE9F2E05DB4FE66271B74BA87AFD28387,Player36 Street,WA,USA,25252,TeamStaff
1024,james.jones@yahoo.com,James,Jones,0x00B6399C9CA88741BF50B3ECC9B18E9502000000ADFC2B3FE104C4E813C54C0CF51DD2F9003A1357268FC4C274D2B8C89E35B04BA613F95A7C7C2ED40A8DA543AF160358,Player37 Street,GA,USA,26262,TeamStaff
1025,robert.lee@yahoo.com,Robert,Lee,0x00B6399C9CA88741BF50B3ECC9B18E95020000001486827AC5DD7F0907C551429A3A6B3FDD709DE68868961046048247ED139848455D1A1A15D9A4BF42AECD28AAF71158,Player38 Street,NC,USA,27272,Viewer
1026,william.white@gmail.com,William,White,0x00B6399C9CA88741BF50B3ECC9B18E9502000000F21965D124E00B791D491499F98391D2D9EAC28A9F460BC81C906AA17B76044EF000EF54CC3C9B120EBB3E15751E6B64,Player39 Street,CO,USA,95761,TeamStaff
1027,shreyangi_prasad@gmail.com,Shreyangi,Prasad,0x00B6399C9CA88741BF50B3ECC9B18E9502000000F0C453E91B864EB5D5E08188279F8138A713FF7FB9EB0FD2DB25385A0BA8CD90B98A9AAE52B8B04E7043CDB8C8B4FC82,Player1 Street,CA,USA,11111,Admin
1028,rishabh.kesarwani@example.com,Rishabh,kesarwani,0x00B6399C9CA88741BF50B3ECC9B18E950200000088C20B73D15AAB1DB8E1AD81D7EE1D4ED6A02A799C879441F44F83BF4F853E518CAC844894F7CF46FD8A38B5F470550C,123 Main St,CA,USA,12345,TeamStaff
